corpus_name,number_of_sentences,average_sentence_length,max_sentence_length,min_sentence_length,std_dev_sentence_length,number_of_unique_tokens
jpwac,152471,21.37365794151019,64,5,9.59253686882381,3248
tatoeba,237248,17.924248044240628,99,5,7.909196923937942,3325
wikipedia,12972507,47.54572959567491,99,5,20.609159262008244,13481
all,13362226,46.721157462835905,99,5,20.909933433134665,13492
