corpus_name,number_of_sentences,average_sentence_length,max_sentence_length,min_sentence_length,std_dev_sentence_length,number_of_unique_tokens,kanji_ratio_avg,kanji_ratio_sd
jpwac,152751,13.010415643760107,31,2,5.691512062776297,3301,0.2730994586597347,0.1372609551647339
tatoeba,245793,11.071617173800718,69,2,4.585067691939284,3406,0.26748979155128655,0.12771205054707174
wikipedia,12306416,26.389156355514068,52,4,10.601747700737821,12121,0.366578964080396,0.13308450541391809
total,12704960,25.931967987305747,69,2,10.77726998278205,12189,0.3635384828390688,0.13410318953765102
